FID,OBJECTID_1,Join_Count,TARGET_FID,OBJECTID_2,Join_Cou_1,TARGET_F_1,OBJECTID,SUBZONE_NO,SUBZONE_N,SUBZONE_C,population,commerical,Shape_Leng,floor,Shape_Le_1,Shape_Area,memebershi,membership,Field1,V1,V2,V3
0,1,3,0,1,10,0,1,1,MARINA SOUTH,MSSZ01,0,362393,5267.381024,925748,5267.381024,1630379.268,Central,Central,150,MSSZ01,1,1
1,2,11,1,2,16,1,2,1,PEARL'S HILL,OTSZ01,7710,367889,3506.107376,495177,3506.107376,559816.2454,Central,Central,167,OTSZ01,1,1
2,3,314,2,3,358,2,3,3,BOAT QUAY,SRSZ03,140,134587,1740.925766,152698,1740.925766,160807.4977,Central,Central,255,SRSZ03,1,1
3,4,0,3,4,0,3,4,8,HENDERSON HILL,BMSZ08,11870,0,3313.624904,0,3313.624904,595428.886,Central,Central,41,BMSZ08,1,1
4,5,0,4,5,0,4,5,3,REDHILL,BMSZ03,12190,0,2825.594099,0,2825.594099,387429.44,Central,Central,36,BMSZ03,1,1
5,6,88,5,6,95,5,6,7,ALEXANDRA HILL,BMSZ07,14830,1068580,4428.913436,1085700,4428.913436,1030378.786,Central,West Coast,40,BMSZ07,1,4
6,7,2,6,7,3,6,7,9,BUKIT HO SWEE,BMSZ09,15650,110853,3275.312488,183604,3275.312488,551732.0495,Central,Central,42,BMSZ09,1,1
7,8,21,7,8,23,7,8,2,CLARKE QUAY,SRSZ02,120,263689,2208.619299,292085,2208.619299,290184.6527,Central,Central,254,SRSZ02,1,1
8,9,6,8,9,10,8,9,13,PASIR PANJANG 1,QTSZ13,4250,502478,6571.323082,526602,6571.323082,1084792.321,West Coast,West Coast,206,QTSZ13,2,4
9,10,0,9,10,0,9,10,7,QUEENSWAY,QTSZ07,280,0,3454.239283,0,3454.239283,631644.2893,Central,West Coast,200,QTSZ07,1,4
10,11,19,10,11,23,10,11,12,KENT RIDGE,QTSZ12,940,585156,7439.547656,635494,7439.547656,1826848.561,West Coast,West Coast,205,QTSZ12,2,4
11,12,0,11,12,0,11,12,6,ALEXANDRA NORTH,BMSZ06,1060,0,2907.051461,0,2907.051461,293706.3988,Central,Central,39,BMSZ06,1,1
12,14,1,13,14,2,13,14,5,INSTITUTION HILL,RVSZ05,3460,2985.540039,2842.525505,8027.740234,2842.525505,392563.3398,Central,Central,222,RVSZ05,1,1
13,15,8,14,15,16,14,15,1,ROBERTSON QUAY,SRSZ01,2640,158308,4995.758114,222204,4995.758114,506588.9598,Central,Central,253,SRSZ01,1,1
14,20,16,19,20,25,19,20,1,SENTOSA,SISZ01,1690,431476,17496.19374,1059280,17496.19374,4919132.37,Central,Central,245,SISZ01,1,1
15,21,1,20,21,2,20,21,17,CITY TERMINALS,BMSZ17,40,34948.19922,16805.6555,49278.89844,16805.6555,3449640.607,Central,Central,50,BMSZ17,1,1
16,22,24,21,22,30,21,22,10,ANSON,DTSZ10,90,246993,1586.100059,285172,1586.100059,103238.4821,Central,Central,97,DTSZ10,1,1
17,23,0,22,23,3,22,23,1,STRAITS VIEW,SVSZ01,0,0,5277.760827,1200030,5277.760827,1127297.237,Central,Central,256,SVSZ01,1,1
18,24,12,23,24,13,23,24,1,MARITIME SQUARE,BMSZ01,2770,154409,13737.11618,154658,13737.11618,2701634.34,Central,Central,34,BMSZ01,1,1
19,25,0,24,25,0,24,25,14,TELOK BLANGAH WAY,BMSZ14,10160,0,2290.227262,0,2290.227262,276826.8125,Central,Central,47,BMSZ14,1,1
20,26,4,25,26,4,25,26,7,MAXWELL,DTSZ07,0,36436.60156,1419.801857,36436.60156,1419.801857,63664.96677,Central,Central,94,DTSZ07,1,1
21,27,33,26,27,44,26,27,8,CECIL,DTSZ08,220,711817,2116.094667,863942,2116.094667,196619.8632,Central,Central,95,DTSZ08,1,1
22,28,3,27,28,3,27,28,11,KAMPONG TIONG BAHRU,BMSZ11,9810,84586,3304.060465,84586,3304.060465,365333.4262,Central,Central,44,BMSZ11,1,1
23,29,0,28,29,1,28,29,13,TELOK BLANGAH DRIVE,BMSZ13,16490,0,5317.781684,10937.7998,5317.781684,1454827.646,Central,West Coast,46,BMSZ13,1,4
24,30,30,29,30,46,29,30,14,PASIR PANJANG 2,QTSZ14,3330,874578,5797.231319,1003090,5797.231319,853206.5717,Central,West Coast,207,QTSZ14,1,4
25,31,9,30,31,35,30,31,11,CENTRAL SUBZONE,DTSZ11,610,828748,5002.016151,4272740,5002.016151,1070723.256,Central,Central,98,DTSZ11,1,1
26,32,2,31,32,2,31,32,5,SINGAPORE GENERAL HOSPITAL,BMSZ05,10,226369,2915.282048,226369,2915.282048,533017.3907,Central,Central,38,BMSZ05,1,1
27,33,5,32,33,6,32,33,12,DEPOT ROAD,BMSZ12,5900,184582,4281.172681,195520,4281.172681,442502.8276,Central,West Coast,45,BMSZ12,1,4
28,34,4,33,34,6,33,34,2,PEOPLE'S PARK,OTSZ02,320,237744,1822.192718,267859,1822.192718,93140.43764,Central,Central,168,OTSZ02,1,1
29,35,17,34,35,22,34,35,2,BUKIT MERAH,BMSZ02,1150,457788,3074.963235,580959,3074.963235,411722.8226,Central,Central,35,BMSZ02,1,1
30,36,1085,35,36,1229,35,36,3,CHINATOWN,OTSZ03,11320,441767,4297.59991,483975,4297.59991,587222.6789,Central,Central,169,OTSZ03,1,1
31,37,3,36,37,4,36,37,4,PHILLIP,DTSZ04,0,83870,871.5548878,130877,871.5548878,39437.93527,Central,Central,91,DTSZ04,1,1
32,38,57,37,38,61,37,38,5,RAFFLES PLACE,DTSZ05,40,960251,1872.752161,1087040,1872.752161,188767.4897,Central,Central,92,DTSZ05,1,1
33,39,15,38,39,18,38,39,4,CHINA SQUARE,OTSZ04,1500,196628,1605.279697,202893,1605.279697,133006.936,Central,Central,170,OTSZ04,1,1
34,40,6,39,40,9,39,40,10,TIONG BAHRU,BMSZ10,12860,9202.110352,3303.2149,15762.7998,3303.2149,448127.5844,Central,Central,43,BMSZ10,1,1
35,41,3,40,41,12,40,41,12,BAYFRONT SUBZONE,DTSZ12,0,187145,2897.126426,794417,2897.126426,521200.5224,Central,Central,99,DTSZ12,1,1
36,42,2,41,42,2,41,42,4,TIONG BAHRU STATION,BMSZ04,16200,49081.60156,2506.687919,49081.60156,2506.687919,350787.5614,Central,Central,37,BMSZ04,1,1
37,43,12,42,43,15,42,43,6,CLIFFORD PIER,DTSZ06,0,82530.39844,2405.990925,83125.89844,2405.990925,261843.8968,Central,Central,93,DTSZ06,1,1
38,45,8,44,45,8,44,45,3,MARINA CENTRE,DTSZ03,10,1141260,4047.111169,1141260,4047.111169,886954.8092,Central,Central,90,DTSZ03,1,1
39,46,20,45,46,21,45,46,3,BRAS BASAH,MUSZ03,10,95235.20313,2348.657173,95853,2348.657173,223206.6032,Central,Central,153,MUSZ03,1,1
40,47,0,46,47,0,46,47,4,OXLEY,RVSZ04,1440,0,1989.487026,0,1989.487026,200052.6848,Central,Central,221,RVSZ04,1,1
41,48,28,47,48,31,47,48,2,CITY HALL,DTSZ02,70,1091120,4544.169847,1124140,4544.169847,710568.7029,Central,Central,89,DTSZ02,1,1
42,49,0,48,49,1,48,49,6,MEI CHIN,QTSZ06,16250,0,3580.442857,2585.280029,3580.442857,748683.9959,Central,West Coast,199,QTSZ06,1,4
43,51,2,50,51,3,50,51,11,NATIONAL UNIVERSITY OF S'PORE,QTSZ11,230,46006.10156,5625.416891,47118.5,5625.416891,1755950.439,West Coast,West Coast,204,QTSZ11,2,4
44,52,0,51,52,0,51,52,1,ONE TREE HILL,RVSZ01,1880,0,2464.413094,0,2464.413094,340743.3416,Central,Central,218,RVSZ01,1,1
45,53,37,52,53,50,52,53,3,SOMERSET,ORSZ03,110,601855,3039.805232,803810,3039.805232,329437.9332,Central,Central,166,ORSZ03,1,1
46,54,45,53,54,50,53,54,9,BENCOOLEN,RCSZ09,1380,132117,1916.097548,135599,1916.097548,170664.3045,Toa Payoh,Central,216,RCSZ09,5,1
47,55,0,54,55,2,54,55,3,LEONIE HILL,RVSZ03,2740,0,2676.352563,84119.29688,2676.352563,368482.9883,Central,Central,220,RVSZ03,1,1
48,56,1,55,56,1,55,56,15,PORT,QTSZ15,120,27685.59961,23438.81854,27685.59961,23438.81854,7601893.995,West Coast,West Coast,208,QTSZ15,2,4
49,57,20,56,57,21,56,57,1,DHOBY GHAUT,MUSZ01,220,297684,2584.78831,334578,2584.78831,221973.3418,Central,Central,151,MUSZ01,1,1
50,58,52,57,58,62,57,58,1,BUGIS,DTSZ01,840,433367,2658.881648,443984,2658.881648,280174.7667,Central,Central,88,DTSZ01,1,1
51,59,36,58,59,36,58,59,10,VICTORIA,RCSZ10,1980,174229,2093.770233,174229,2093.770233,214250.2981,Central,Central,217,RCSZ10,1,1
52,60,0,59,60,0,59,60,2,PATERSON,RVSZ02,210,0,1753.92708,0,1753.92708,173121.7736,Central,Central,219,RVSZ02,1,1
53,61,0,60,61,0,60,61,15,TELOK BLANGAH RISE,BMSZ15,13080,0,3713.838181,0,3713.838181,533671.2531,Central,Central,48,BMSZ15,1,1
54,62,18,61,62,23,61,62,9,TANJONG PAGAR,DTSZ09,580,504386,1787.710451,508995,1787.710451,145518.6639,Central,Central,96,DTSZ09,1,1
55,63,36,62,63,45,62,63,16,EVERTON PARK,BMSZ16,8750,33743.19922,3776.683388,141608,3776.683388,635704.0567,Central,Central,49,BMSZ16,1,1
56,64,2,63,64,4,63,64,4,TANGLIN HALT,QTSZ04,12370,129415,3556.229094,415402,3556.229094,503220.7514,Central,West Coast,197,QTSZ04,1,4
57,65,5,64,65,8,64,65,6,MACKENZIE,RCSZ06,130,39938.19922,1216.480631,78738.70313,1216.480631,55681.28248,Toa Payoh,Central,214,RCSZ06,5,1
58,66,15,65,66,20,65,66,3,SUNGEI ROAD,RCSZ03,2240,26139.30078,1727.963503,27276.59961,1727.963503,116329.9966,Toa Payoh,Central,211,RCSZ03,5,1
59,67,27,66,67,58,66,67,8,ONE NORTH,QTSZ08,610,1184090,6591.907914,1899150,6591.907914,2051652.622,West Coast,West Coast,201,QTSZ08,2,4
60,68,2,67,68,6,67,68,5,TANJONG RHU,KLSZ05,11060,16018.5,6515.758575,89107.29688,6515.758575,2434594.029,East Coast,East Coast,138,KLSZ05,4,3
61,69,0,68,69,0,68,69,1,MOUNTBATTEN,MPSZ01,10380,0,5430.267061,0,5430.267061,1713623.005,East Coast,East Coast,147,MPSZ01,4,3
62,70,3,69,70,3,69,70,3,COMMONWEALTH,QTSZ03,7710,52901.39844,2713.429971,52901.39844,2713.429971,310513.6474,Central,West Coast,196,QTSZ03,1,4
63,71,1,70,71,1,70,71,10,DOVER,QTSZ10,11710,47413.10156,5637.722008,47413.10156,5637.722008,1386643.316,West Coast,West Coast,203,QTSZ10,2,4
64,72,0,71,72,0,71,72,3,RIDOUT,TNSZ03,1370,0,6450.972879,0,6450.972879,1951865.755,Central,West Coast,265,TNSZ03,1,4
65,74,0,73,74,0,73,74,8,CLEMENTI WEST,CLSZ08,16180,0,5211.867528,0,5211.867528,697501.7143,West Coast,Jurong,86,CLSZ08,2,2
66,75,0,74,75,0,74,75,6,TUAS VIEW EXTENSION,TSSZ06,10,0,54928.09387,0,54928.09387,27710950.08,Tuas,Tuas,284,TSSZ06,10,11
67,76,0,75,76,0,75,76,5,MONK'S HILL,NTSZ05,930,0,2446.733416,0,2446.733416,171720.6207,Central,Central,157,NTSZ05,1,1
68,77,1,76,77,1,76,77,7,SIGLAP,BDSZ07,6620,6112.140137,5436.890533,6112.140137,5436.890533,1097833.703,East Coast,East Coast,19,BDSZ07,4,3
69,78,0,77,78,0,77,78,7,CLEMENTI WOODS,CLSZ07,16160,0,5275.74936,0,5275.74936,1053493.747,West Coast,Jurong,85,CLSZ07,2,2
70,79,0,78,79,1,78,79,5,PIONEER SECTOR,PNSZ05,0,0,8489.982578,3199.169922,8489.982578,2796006.828,Tuas,Tuas,185,PNSZ05,10,11
71,80,0,79,80,0,79,80,10,PENJURU CRESCENT,JESZ10,10,0,9876.049092,0,9876.049092,3049720.082,West Coast,Jurong,124,JESZ10,2,2
72,81,3,80,81,3,80,81,1,ORANGE GROVE,NTSZ01,1480,59270.10156,2476.246298,59270.10156,2476.246298,336221.4941,Central,Central,154,NTSZ01,1,1
73,82,32,81,82,54,81,82,4,KAMPONG BUGIS,KLSZ04,860,136271,4018.127622,540648,4018.127622,741437.9922,East Coast,East Coast,137,KLSZ04,4,3
74,83,27,82,83,39,82,83,2,BOULEVARD,ORSZ02,440,908939,4109.23135,1246090,4109.23135,460550.4298,Central,Central,165,ORSZ02,1,1
75,84,1,83,84,1,83,84,6,ISTANA NEGARA,NTSZ06,50,51649,3730.341054,51649,3730.341054,543483.681,Choa Chu Kang,Central,158,NTSZ06,11,1
76,85,910,84,85,983,84,85,2,LITTLE INDIA,RCSZ02,3620,140950,2203.280258,149661,2203.280258,278303.5433,East Coast,Central,210,RCSZ02,4,1
77,86,0,85,86,0,85,86,4,GUL BASIN,PNSZ04,20,0,9465.222183,0,9465.222183,1769495.161,Tuas,Tuas,184,PNSZ04,10,11
78,87,2,86,87,2,86,87,2,FORT CANNING,MUSZ02,180,10668.09961,2585.229404,10668.09961,2585.229404,385093.1134,Central,Central,152,MUSZ02,1,1
79,88,1,87,88,2,87,88,8,FARRER COURT,BTSZ08,6000,2949.51001,4192.289528,3807.209961,4192.289528,558760.5316,Central,West Coast,68,BTSZ08,1,4
80,89,2,88,89,2,88,89,5,TUAS VIEW,TSSZ05,10,4613.47998,11013.62449,4613.47998,11013.62449,5675810.846,Tuas,Tuas,283,TSSZ05,10,11
81,90,3,89,90,4,89,90,1,NASSIM,TNSZ01,9120,63807.10156,6241.332877,69278.60156,6241.332877,2096085.23,Central,Central,263,TNSZ01,1,1
82,91,0,90,91,0,90,91,5,WEST COAST,CLSZ05,6010,0,3644.131828,0,3644.131828,722588.6837,West Coast,Jurong,83,CLSZ05,2,2
83,92,0,91,92,0,91,92,8,BAYSHORE,BDSZ08,7310,0,8698.596958,0,8698.596958,2550461.673,East Coast,Changi,20,BDSZ08,4,8
84,93,1,92,93,1,92,93,3,BENOI SECTOR,PNSZ03,10,3013.219971,6249.477068,3013.219971,6249.477068,2042630.98,Tuas,Tuas,183,PNSZ03,10,11
85,94,1,93,94,4,93,94,2,GUL CIRCLE,PNSZ02,40,3299.350098,7268.450752,8213.870117,7268.450752,3260399.459,Tuas,Tuas,182,PNSZ02,10,11
86,95,1,94,95,2,94,95,2,CHATSWORTH,TNSZ02,6280,2133.22998,5469.441095,2523.550049,5469.441095,1346152.777,Central,Central,264,TNSZ02,1,1
87,96,496,95,96,525,95,96,5,KAMPONG GLAM,RCSZ05,180,101607,1681.626995,104472,1681.626995,171334.392,Central,Central,213,RCSZ05,1,1
88,97,10,96,97,11,96,97,8,SELEGIE,RCSZ08,230,70306,1478.04997,85273.70313,1478.04997,49626.01833,Toa Payoh,Central,215,RCSZ08,5,1
89,99,0,98,99,0,98,99,4,ROCHOR CANAL,RCSZ04,10,0,1686.009453,0,1686.009453,120171.3212,Central,Central,212,RCSZ04,1,1
90,100,9,99,100,10,99,100,9,CRAWFORD,KLSZ09,9350,110716,4634.784296,115591,4634.784296,850853.9138,Central,Central,142,KLSZ09,1,1
91,101,1,100,101,2,100,101,5,MARGARET DRIVE,QTSZ05,14320,6107.890137,5969.645039,9105.339844,5969.645039,1026467.393,Central,West Coast,198,QTSZ05,1,4
92,102,13,101,102,27,101,102,1,TANGLIN,ORSZ01,410,178560,1864.488665,228654,1864.488665,167537.0654,Central,Central,164,ORSZ01,1,1
93,103,15,102,103,23,102,103,3,MARINE PARADE,MPSZ03,28080,190723,6019.279096,228859,6019.279096,1160017.478,East Coast,East Coast,149,MPSZ03,4,3
94,104,3,103,104,17,103,104,7,JURONG RIVER,JESZ07,10,161925,6612.903231,576210,6612.903231,2560995.937,West Coast,Jurong,121,JESZ07,2,2
95,105,1,104,105,1,104,105,2,GEYLANG BAHRU,KLSZ02,12320,15221.5,3745.034017,15221.5,3745.034017,735502.2264,Toa Payoh,East Coast,135,KLSZ02,5,3
96,106,0,105,106,0,105,106,3,FABER,CLSZ03,4620,0,4665.755981,0,4665.755981,948158.9135,West Coast,Jurong,81,CLSZ03,2,2
97,107,0,106,107,0,106,107,3,MALCOLM,NVSZ03,2690,0,5346.80972,0,5346.80972,1321089.881,Toa Payoh,Central,161,NVSZ03,5,1
98,108,0,107,108,0,107,108,6,BEDOK SOUTH,BDSZ06,48990,0,7811.589025,0,7811.589025,2997307.459,East Coast,Changi,18,BDSZ06,4,8
99,109,1,108,109,1,108,109,1,BENDEMEER,KLSZ01,34860,4493.009766,5603.000911,4493.009766,5603.000911,1376830.045,Toa Payoh,East Coast,134,KLSZ01,5,3
100,110,22,109,110,31,109,110,1,BALESTIER,NVSZ01,32470,127861,6804.341011,151278,6804.341011,1926622.002,Toa Payoh,Toa Payoh,159,NVSZ01,5,9
101,111,2,110,111,2,110,111,4,TUAS BAY,TSSZ04,20,9009.55957,10583.71113,9009.55957,10583.71113,3203306.037,Tuas,Tuas,282,TSSZ04,10,11
102,112,2,111,112,3,111,112,1,JOO KOON,PNSZ01,30,119966,8601.202816,121803,8601.202816,2349378.266,Tuas,Tuas,181,PNSZ01,10,11
103,113,141,112,113,201,112,113,1,KALLANG WAY,GLSZ01,40,749337,4055.202723,951556,4055.202723,963198.8794,Toa Payoh,East Coast,100,GLSZ01,5,3
104,114,18,113,114,26,113,114,6,INTERNATIONAL BUSINESS PARK,JESZ06,10,612157,3024.275837,802568,3024.275837,485022.3064,West Coast,Jurong,120,JESZ06,2,2
105,115,1,114,115,2,114,115,1,TUKANG,BLSZ01,10,1720.030029,6899.999456,3337.189941,6899.999456,1881305.829,Jurong,Jurong,30,BLSZ01,7,2
106,116,1,115,116,1,115,116,6,CORONATION ROAD,BTSZ06,6260,6443.120117,5905.904193,6443.120117,5905.904193,1425083.177,West Coast,West Coast,66,BTSZ06,2,4
107,117,80,116,117,90,116,117,3,KEMBANGAN,BDSZ03,38690,401994,6785.111707,551609,6785.111707,2387277.532,East Coast,East Coast,15,BDSZ03,4,3
108,118,173,117,118,203,117,118,2,KATONG,MPSZ02,9430,128107,5062.814851,143636,5062.814851,1078992.025,East Coast,East Coast,148,MPSZ02,4,3
109,119,12,118,119,16,118,119,2,HOLLAND DRIVE,QTSZ02,13610,90265,3420.329337,118626,3420.329337,459546.2858,Central,West Coast,195,QTSZ02,1,4
110,120,169,119,120,185,119,120,1,FARRER PARK,RCSZ01,2950,156087,2540.960363,200787,2540.960363,247887.633,Toa Payoh,Central,209,RCSZ01,5,1
111,121,3,120,121,3,120,121,3,NEWTON CIRCUS,NTSZ03,230,71683.5,2399.4073,71683.5,2399.4073,213581.642,Central,Central,156,NTSZ03,1,1
112,122,0,121,122,0,121,122,9,JURONG PORT,JESZ09,0,0,11355.00222,0,11355.00222,2464856.701,Jurong,Jurong,123,JESZ09,7,2
113,123,0,122,123,1,122,123,3,SAMULUN,BLSZ03,20,0,8738.679385,965.6690063,8738.679385,1940693.424,Jurong,Jurong,32,BLSZ03,7,2
114,124,1,123,124,1,123,124,4,SHIPYARD,BLSZ04,10,1857.329956,6422.042112,1857.329956,6422.042112,2118499.409,Jurong,Tuas,33,BLSZ04,7,11
115,125,0,124,125,0,124,125,1,GHIM MOH,QTSZ01,11730,0,3223.645504,0,3223.645504,485046.9227,West Coast,West Coast,194,QTSZ01,2,4
116,126,415,125,126,462,125,126,6,LAVENDER,KLSZ06,9990,373683,3609.150463,436591,3609.150463,757907.6111,Toa Payoh,Central,139,KLSZ06,5,1
117,127,2,126,127,2,126,127,2,GOODWOOD PARK,NTSZ02,1060,34245.39844,2798.598501,34245.39844,2798.598501,351242.2536,Central,Central,155,NTSZ02,1,1
118,128,0,127,128,0,127,128,9,PANDAN,CLSZ09,10,0,5689.646944,0,5689.646944,1312922.681,West Coast,Jurong,87,CLSZ09,2,2
119,129,0,128,129,0,128,129,9,SINGAPORE POLYTECHNIC,QTSZ09,130,0,4666.970068,0,4666.970068,946651.4186,West Coast,West Coast,202,QTSZ09,2,4
120,130,2,129,130,2,129,130,6,CLEMENTI CENTRAL,CLSZ06,13100,8627.009766,3630.189223,8627.009766,3630.189223,748043.2767,West Coast,Jurong,84,CLSZ06,2,2
121,131,1,130,131,1,130,131,7,KAMPONG JAVA,KLSZ07,10850,5264.330078,4344.612171,5264.330078,4344.612171,1022292.301,Toa Payoh,Central,140,KLSZ07,5,1
122,132,1,131,132,1,131,132,3,BOON KENG,KLSZ03,12300,3945.110107,2972.111045,3945.110107,2972.111045,410994.5447,Toa Payoh,East Coast,136,KLSZ03,5,3
123,133,65,132,133,100,132,133,8,KALLANG BAHRU,KLSZ08,30,904868,3710.904602,1256730,3710.904602,839488.9772,Toa Payoh,East Coast,141,KLSZ08,5,3
124,134,0,133,134,0,133,134,4,ULU PANDAN,BTSZ04,10750,0,6626.667183,0,6626.667183,1228487.734,West Coast,West Coast,64,BTSZ04,2,4
125,135,8,134,135,15,134,135,5,JURONG GATEWAY,JESZ05,250,422951,3096.98411,739653,3096.98411,554623.6757,West Coast,Jurong,119,JESZ05,2,2
126,136,0,135,136,0,135,136,3,HOLLAND ROAD,BTSZ03,10440,0,8185.197323,0,8185.197323,3392897.364,West Coast,West Coast,63,BTSZ03,2,4
127,137,117,136,137,158,136,137,3,KAMPONG UBI,GLSZ03,12600,1971320,5573.532918,2327530,5573.532918,1878092.478,East Coast,East Coast,102,GLSZ03,4,3
128,138,0,137,138,0,137,138,11,SENNETT,TPSZ11,4960,0,3836.105793,0,3836.105793,867750.4373,Toa Payoh,East Coast,277,TPSZ11,5,3
129,139,0,138,139,0,138,139,9,POTONG PASIR,TPSZ09,12030,0,3496.881664,0,3496.881664,639143.5594,Toa Payoh,East Coast,275,TPSZ09,5,3
130,140,3,139,140,3,139,140,3,TUAS NORTH,TSSZ03,20,9213.599609,7702.824948,9213.599609,7702.824948,3260150.857,Tuas,Tuas,281,TSSZ03,10,11
131,141,3,140,141,5,140,141,6,PEI CHUN,TPSZ06,11250,134599,2901.789416,230452,2901.789416,411403.9371,Toa Payoh,Toa Payoh,272,TPSZ06,5,9
132,142,5,141,142,8,141,142,4,BOON TECK,TPSZ04,14340,56263.60156,2626.136593,111555,2626.136593,418657.3583,Toa Payoh,Toa Payoh,270,TPSZ04,5,9
133,143,3,142,143,5,142,143,6,KIAN TECK,JWSZ06,50,22374.5,8830.555258,87758.89844,8830.555258,2098176.496,Jurong,Jurong,130,JWSZ06,7,2
134,144,0,143,144,0,143,144,7,SAFTI,JWSZ07,0,0,5137.717772,0,5137.717772,1524551.335,Jurong,Tuas,131,JWSZ07,7,11
135,145,0,144,145,0,144,145,8,WOODLEIGH,TPSZ08,2420,0,3778.890574,0,3778.890574,813382.9814,Toa Payoh,East Coast,274,TPSZ08,5,3
136,146,2,145,146,5,145,146,4,TAMAN JURONG,JWSZ04,37400,81926.60156,6583.694096,170802,6583.694096,1484296.473,Jurong,Jurong,128,JWSZ04,7,2
137,147,3,146,147,3,146,147,4,LAKESIDE,JESZ04,910,47666.5,8828.63383,47666.5,8828.63383,3108023.274,West Coast,Jurong,118,JESZ04,2,2
138,148,2,147,148,7,147,148,1,TOA PAYOH WEST,TPSZ01,12910,21293.19922,4516.839966,103677,4516.839966,1037281.094,Toa Payoh,Toa Payoh,267,TPSZ01,5,9
139,149,3,148,149,4,148,149,1,KAKI BUKIT,BDSZ01,39430,194730,8153.888135,358631,8153.888135,2820171.679,East Coast,East Coast,13,BDSZ01,4,3
140,150,0,149,150,0,149,150,2,YUHUA EAST,JESZ02,26330,0,4018.421017,0,4018.421017,924762.4774,West Coast,Jurong,116,JESZ02,2,2
141,151,31,150,151,47,150,151,9,BUKIT BATOK SOUTH,BKSZ09,14020,787830,6998.805924,852542,6998.805924,1806553.076,West Coast,Jurong,29,BKSZ09,2,2
142,152,4,151,152,4,151,152,9,JURONG WEST CENTRAL,JWSZ09,67630,21371.30078,4649.79715,21371.30078,4649.79715,1404536.643,Jurong,Jurong,133,JWSZ09,7,2
143,153,0,152,153,0,152,153,2,BEDOK RESERVOIR,BDSZ02,26190,0,6899.5259,0,6899.5259,2379331.529,East Coast,Changi,14,BDSZ02,4,8
144,154,1,153,154,1,153,154,1,TOH TUCK,CLSZ01,30,146106,6119.883497,146106,6119.883497,2077796.547,West Coast,Jurong,79,CLSZ01,2,2
145,155,0,154,155,0,154,155,5,MOUNT PLEASANT,NVSZ05,680,0,7234.110745,0,7234.110745,3142950.108,Toa Payoh,Toa Payoh,163,NVSZ05,5,9
146,156,0,155,156,0,155,156,5,HILLCREST,BTSZ05,8980,0,7428.700261,0,7428.700261,2636483.259,West Coast,West Coast,65,BTSZ05,2,4
147,157,143,156,157,179,156,157,12,JOO SENG,TPSZ12,7550,809589,4254.531333,876593,4254.531333,1057165.244,East Coast,East Coast,278,TPSZ12,4,3
148,158,2,157,158,4,157,158,5,CHIN BEE,JWSZ05,10,24990,4899.033957,41687.10156,4899.033957,1287949.825,Jurong,Jurong,129,JWSZ05,7,2
149,159,5,158,159,10,158,159,5,LORONG 8 TOA PAYOH,TPSZ05,7760,74973.20313,3271.271192,170384,3271.271192,439646.7616,Toa Payoh,Toa Payoh,271,TPSZ05,5,9
150,160,2,159,160,9,159,160,3,TOH GUAN,JESZ03,15870,73669.20313,4462.314412,354937,4462.314412,746882.3023,West Coast,Jurong,117,JESZ03,2,2
151,161,4,160,161,6,160,161,3,BRADDELL,TPSZ03,10400,128115,3513.756935,218652,3513.756935,446241.7919,Toa Payoh,Toa Payoh,269,TPSZ03,5,9
152,162,0,161,162,0,161,162,10,BIDADARI,TPSZ10,0,0,3323.742838,0,3323.742838,572502.1398,East Coast,East Coast,276,TPSZ10,4,3
153,163,403,162,163,586,162,163,4,ALJUNIED,GLSZ04,40010,587305,7100.699079,834645,7100.699079,2959367.625,East Coast,East Coast,103,GLSZ04,4,3
154,164,0,163,164,0,163,164,4,TYERSALL,TNSZ04,3600,0,6430.986147,0,6430.986147,2158289.716,Central,West Coast,266,TNSZ04,1,4
155,165,8,164,165,10,164,165,2,MOULMEIN,NVSZ02,8870,261466,5388.741938,347406,5388.741938,1347456.011,Toa Payoh,Central,160,NVSZ02,5,1
156,166,0,165,166,0,165,166,2,LIU FANG,BLSZ02,10,0,7135.442501,0,7135.442501,2338909.489,Jurong,Jurong,31,BLSZ02,7,2
157,167,12,166,167,15,166,167,5,FRANKEL,BDSZ05,33900,706761,8750.386291,932531,8750.386291,4297140.714,East Coast,East Coast,17,BDSZ05,4,3
158,168,0,167,168,0,167,168,4,CLEMENTI NORTH,CLSZ04,30360,0,4251.445365,0,4251.445365,991039.7807,West Coast,Jurong,82,CLSZ04,2,2
159,169,67,168,169,86,168,169,7,LEEDON PARK,BTSZ07,6400,22387.69922,7565.170053,26392.90039,7565.170053,2049551.25,West Coast,West Coast,67,BTSZ07,2,4
160,170,177,169,170,231,169,170,5,GEYLANG EAST,GLSZ05,32140,448650,7028.340071,961102,7028.340071,2579087.17,East Coast,East Coast,104,GLSZ05,4,3
161,171,12,170,171,20,170,171,8,TEBAN GARDENS,JESZ08,19780,282335,8204.29735,333146,8204.29735,3187584.075,West Coast,Jurong,122,JESZ08,2,2
162,172,0,171,172,0,171,172,2,BOON LAY PLACE,JWSZ02,30090,0,3708.366281,0,3708.366281,906317.3907,Jurong,Jurong,126,JWSZ02,7,2
163,173,0,172,173,0,172,173,8,BUKIT BATOK EAST,BKSZ08,13820,0,2619.552372,0,2619.552372,380201.8028,West Coast,Jurong,28,BKSZ08,2,2
164,174,0,173,174,0,173,174,6,BUKIT BATOK WEST,BKSZ06,15730,0,3414.799428,0,3414.799428,526383.3528,West Coast,Jurong,26,BKSZ06,2,2
165,175,1,174,175,5,174,175,7,BUKIT BATOK CENTRAL,BKSZ07,25120,8222.379883,3782.826959,46684.60156,3782.826959,800298.5645,West Coast,Jurong,27,BKSZ07,2,2
166,176,0,175,176,0,175,176,7,UPPER PAYA LEBAR,SGSZ07,16240,0,4658.999428,0,4658.999428,898561.2996,North East,East Coast,244,SGSZ07,3,3
167,177,0,176,177,0,176,177,3,HONG KAH,JWSZ03,55420,0,5589.784561,0,5589.784561,1793463.631,Jurong,Jurong,127,JWSZ03,7,2
168,178,1,177,178,1,177,178,2,TUAS PROMENADE,TSSZ02,10,3238.030029,13318.7734,3238.030029,13318.7734,3188097.306,Tuas,Tuas,280,TSSZ02,10,11
169,179,0,178,179,0,178,179,4,AIRPORT ROAD,PLSZ04,0,0,3433.884804,0,3433.884804,494504.0681,East Coast,East Coast,179,PLSZ04,4,3
170,180,2,179,180,2,179,180,6,SERANGOON CENTRAL,SGSZ06,25640,157556,4784.623169,157556,4784.623169,1061889.353,North East,East Coast,243,SGSZ06,3,3
171,181,7,180,181,7,180,181,3,BISHAN EAST,BSSZ03,28970,66705.20313,5680.719402,66705.20313,5680.719402,1794461.262,North East,Toa Payoh,60,BSSZ03,3,9
172,182,0,181,182,1,181,182,3,TAMPINES WEST,TMSZ03,79280,0,8058.33566,4494.899902,8058.33566,3475209.889,Changi,Changi,260,TMSZ03,6,8
173,183,0,182,183,0,182,183,3,BRICKWORKS,BKSZ03,0,0,4392.362215,0,4392.362215,1225673.649,West Coast,Jurong,23,BKSZ03,2,2
174,184,19,183,184,23,183,184,9,DEFU INDUSTRIAL PARK,HGSZ09,30,329113,8517.596169,408307,8517.596169,1974371.712,East Coast,East Coast,113,HGSZ09,4,3
175,185,0,184,185,0,184,185,4,GUILIN,BKSZ04,13290,0,5564.333231,0,5564.333231,1085080.083,West Coast,Jurong,24,BKSZ04,2,2
176,186,22,185,186,31,185,186,2,MARYMOUNT,BSSZ02,30680,231340,6383.479273,254306,6383.479273,1964134.532,North East,Changi,59,BSSZ02,3,6
177,187,0,186,187,0,186,187,1,WENYA,JWSZ01,8560,0,5864.592818,0,5864.592818,1974943.245,Jurong,Jurong,125,JWSZ01,7,2
178,188,0,187,188,0,187,188,7,NATURE RESERVE,BPSZ07,3870,0,9051.909119,0,9051.909119,4141322.431,Choa Chu Kang,Jurong,57,BPSZ07,11,2
179,189,21,188,189,29,188,189,2,TAMPINES EAST,TMSZ02,136050,487956,10180.62409,691568,10180.62409,4339824.136,Changi,Changi,259,TMSZ02,6,8
180,190,22,189,190,27,189,190,8,TAI SENG,HGSZ08,14290,433311,6396.628384,444210,6396.628384,1796058.935,North East,East Coast,112,HGSZ08,3,3
181,191,0,190,191,0,190,191,1,TENGEH,TSSZ01,0,0,9918.46418,0,9918.46418,2251155.704,Tuas,Tuas,279,TSSZ01,10,11
182,192,0,191,192,0,191,192,1,YUHUA WEST,JESZ01,20420,0,3817.521072,0,3817.521072,776142.4925,West Coast,Jurong,115,JESZ01,2,2
183,193,1,192,193,1,192,193,8,YUNNAN,JWSZ08,68700,13899.40039,7192.208675,13899.40039,7192.208675,2206305.009,Jurong,Jurong,132,JWSZ08,7,2
184,194,1,193,194,1,193,194,5,LORONG CHUAN,SGSZ05,8430,99513.60156,5440.347324,99513.60156,5440.347324,1180126.112,North East,East Coast,242,SGSZ05,3,3
185,195,0,194,195,0,194,195,4,DUNEARN,NVSZ04,3890,0,4827.408264,0,4827.408264,1229894.417,Toa Payoh,West Coast,162,NVSZ04,5,4
186,196,0,195,196,0,195,196,2,SUNSET WAY,CLSZ02,6120,0,4572.130496,0,4572.130496,964682.6793,West Coast,Jurong,80,CLSZ02,2,2
187,197,1,196,197,5,196,197,2,MACPHERSON,GLSZ02,28680,1280.969971,4585.78818,10747.2998,4585.78818,1263409.404,East Coast,East Coast,101,GLSZ02,4,3
188,198,1,197,198,1,197,198,7,KIM KEAT,TPSZ07,8450,7452.029785,2500.852271,7452.029785,2500.852271,369770.5632,Toa Payoh,Toa Payoh,273,TPSZ07,5,9
189,199,4,198,199,5,198,199,4,BEDOK NORTH,BDSZ04,83810,12408.09961,8414.962102,16864,8414.962102,3203663.493,East Coast,Changi,16,BDSZ04,4,8
190,200,12,199,200,13,199,200,2,TOA PAYOH CENTRAL,TPSZ02,29700,226469,5201.968752,226891,5201.968752,1107267.036,Toa Payoh,Toa Payoh,268,TPSZ02,5,9
191,201,0,200,201,0,200,201,1,PAYA LEBAR NORTH,PLSZ01,30,0,4812.862905,0,4812.862905,1287387.263,Changi,Changi,176,PLSZ01,6,8
192,202,0,201,202,0,201,202,3,HOUGANG EAST,HGSZ03,24820,0,3960.446862,0,3960.446862,842667.6261,North East,Punggol,107,HGSZ03,3,10
193,203,0,202,203,0,202,203,10,LORONG HALUS,HGSZ10,0,0,5788.960001,0,5788.960001,1333532.986,Changi,Changi,114,HGSZ10,6,8
194,204,0,203,204,0,203,204,2,KANGKAR,HGSZ02,30180,0,5617.430811,0,5617.430811,1007410.002,North East,Punggol,106,HGSZ02,3,10
195,205,0,204,205,0,204,205,7,SEMBAWANG HILLS,AMSZ07,6800,0,4326.111274,0,4326.111274,894516.0758,North East,Changi,7,AMSZ07,3,6
196,206,1,205,206,1,205,206,5,JELEBU,BPSZ05,32130,11499.09961,3992.426031,11499.09961,3992.426031,911208.285,Choa Chu Kang,Choa Chu Kang,55,BPSZ05,11,7
197,207,1,206,207,1,206,207,2,KEAT HONG,CKSZ02,29340,16631.59961,4680.783291,16631.59961,4680.783291,1143813.675,Choa Chu Kang,Choa Chu Kang,74,CKSZ02,11,7
198,208,0,207,208,0,207,208,4,HOUGANG WEST,HGSZ04,47350,0,6424.482139,0,6424.482139,1328876.198,North East,Punggol,108,HGSZ04,3,10
199,209,0,208,209,2,208,209,3,PAYA LEBAR WEST,PLSZ03,0,0,5898.475695,2967.070068,5898.475695,609894.668,Changi,Changi,178,PLSZ03,6,8
200,210,1,209,210,1,209,210,4,BANGKIT,BPSZ04,23240,3259.76001,4350.135722,3259.76001,4350.135722,763183.4294,Choa Chu Kang,Choa Chu Kang,54,BPSZ04,11,7
201,211,32,210,211,41,210,211,1,ANAK BUKIT,BTSZ01,21970,35470.19922,7637.809479,71094.20313,7637.809479,2768353.557,West Coast,Jurong,61,BTSZ01,2,2
202,212,1,211,212,1,211,212,2,SWISS CLUB,BTSZ02,5580,23556.09961,8976.744053,23556.09961,8976.744053,3467036.985,West Coast,Jurong,62,BTSZ02,2,2
203,213,23,212,213,83,212,213,5,XILIN,TMSZ05,1790,788065,12926.04699,1604520,12926.04699,7833992.845,Changi,Changi,262,TMSZ05,6,8
204,214,1,213,214,3,213,214,4,SIMEI,TMSZ04,41190,4739.720215,7402.560779,15710.09961,7402.560779,2778635.655,Changi,Changi,261,TMSZ04,6,8
205,215,2,214,215,2,214,215,4,PENG SIANG,CKSZ04,34170,12483.40039,4555.057953,12483.40039,4555.057953,862737.0908,Choa Chu Kang,Choa Chu Kang,76,CKSZ04,11,7
206,216,0,215,216,0,215,216,2,PASIR RIS WEST,PRSZ02,35750,0,5128.49489,0,5128.49489,1583440.164,Changi,Changi,187,PRSZ02,6,8
207,217,0,216,217,0,216,217,9,YIO CHU KANG WEST,AMSZ09,25690,0,3707.005727,0,3707.005727,846137.1973,North East,Changi,9,AMSZ09,3,6
208,218,0,217,218,0,217,218,5,TRAFALGAR,HGSZ05,44110,0,6199.267491,0,6199.267491,1744387.407,North East,Punggol,109,HGSZ05,3,10
209,219,0,218,219,0,218,219,1,TECK WHYE,CKSZ01,25880,0,4531.981456,0,4531.981456,1001591.786,Choa Chu Kang,Choa Chu Kang,73,CKSZ01,11,7
210,220,4,219,220,5,219,220,3,CHOA CHU KANG CENTRAL,CKSZ03,21430,54816,4202.496608,56503.80078,4202.496608,1097298.799,Choa Chu Kang,Choa Chu Kang,75,CKSZ03,11,7
211,221,1,220,221,1,220,221,2,CHANGI WEST,CHSZ02,1480,16718.59961,14918.10822,16718.59961,14918.10822,4848516.74,Changi,Changi,71,CHSZ02,6,8
212,222,0,221,222,0,221,222,3,FAJAR,BPSZ03,28770,0,3800.608941,0,3800.608941,668454.4393,Choa Chu Kang,Choa Chu Kang,53,BPSZ03,11,7
213,223,0,222,223,1,222,223,1,SENJA,BPSZ01,21020,0,3836.254229,4007.469971,3836.254229,624877.5001,Choa Chu Kang,Choa Chu Kang,51,BPSZ01,11,7
214,224,0,223,224,0,223,224,2,SAUJANA,BPSZ02,26390,0,3686.690567,0,3686.690567,674992.0009,Choa Chu Kang,Choa Chu Kang,52,BPSZ02,11,7
215,225,0,224,225,0,224,225,1,SELETAR HILLS,SGSZ01,14030,0,6498.651071,0,6498.651071,2330683.264,North East,Changi,238,SGSZ01,3,6
216,226,0,225,226,0,225,226,5,COMPASSVALE,SESZ05,20810,0,5216.01738,0,5216.01738,1093213.491,North East,Punggol,235,SESZ05,3,10
217,227,0,226,227,0,226,227,12,YIO CHU KANG EAST,AMSZ12,4030,0,5592.191081,0,5592.191081,1861872.042,North East,Changi,12,AMSZ12,3,6
218,228,11,227,228,14,227,228,10,YIO CHU KANG,AMSZ10,40,387782,4533.218364,470509,4533.218364,909418.5677,North East,Changi,10,AMSZ10,3,6
219,229,1,228,229,1,228,229,6,LOYANG WEST,PRSZ06,210,3413.070068,6203.002065,3413.070068,6203.002065,2114789.488,Changi,Changi,191,PRSZ06,6,8
220,230,151,229,230,174,229,230,8,TAGORE,AMSZ08,8130,442603,8162.600174,497375,8162.600174,3334192.442,North East,Changi,8,AMSZ08,3,6
221,231,1,230,231,1,230,231,7,LORONG AH SOO,HGSZ07,32970,3461.879883,5438.211022,3461.879883,5438.211022,1515533.891,North East,East Coast,111,HGSZ07,3,3
222,232,0,231,232,0,231,232,8,FLORA DRIVE,PRSZ08,14510,0,3956.615777,0,3956.615777,944998.4489,Changi,Changi,193,PRSZ08,6,8
223,233,0,232,233,0,232,233,5,HILLVIEW,BKSZ05,18780,0,6673.934004,0,6673.934004,1990788.397,West Coast,Jurong,25,BKSZ05,2,2
224,235,0,234,235,0,234,235,2,PAYA LEBAR EAST,PLSZ02,10,0,7470.111952,0,7470.111952,2259239.74,Changi,Changi,177,PLSZ02,6,8
225,236,82,235,236,100,235,236,1,UPPER THOMSON,BSSZ01,30630,462789,10082.0753,651521,10082.0753,3860324.994,North East,Changi,58,BSSZ01,3,6
226,237,0,236,237,0,236,237,2,HONG KAH NORTH,BKSZ02,27420,0,3842.99403,0,3842.99403,859179.1801,West Coast,Jurong,22,BKSZ02,2,2
227,238,0,237,238,0,237,238,4,TOWNSVILLE,AMSZ04,22690,0,3313.317413,0,3313.317413,546403.8635,North East,Changi,4,AMSZ04,3,6
228,239,0,238,239,0,238,239,6,KOVAN,HGSZ06,25900,0,5644.28775,0,5644.28775,1948613.205,North East,East Coast,110,HGSZ06,3,3
229,240,5,239,240,6,239,240,3,CHONG BOON,AMSZ03,26740,337687,4710.53873,403163,4710.53873,1078622.324,North East,Changi,3,AMSZ03,3,6
230,241,0,240,241,0,240,241,5,SHANGRI-LA,AMSZ05,16800,0,4019.229526,0,4019.229526,687930.097,North East,Changi,5,AMSZ05,3,6
231,242,68,241,242,83,241,242,4,SERANGOON GARDEN,SGSZ04,38120,25040.19922,6972.419094,30235.80078,6972.419094,3023148.981,North East,Changi,241,SGSZ04,3,6
232,243,3,242,243,3,242,243,1,HOUGANG CENTRAL,HGSZ01,4760,40086.5,2759.815466,40086.5,2759.815466,441733.4402,North East,Punggol,105,HGSZ01,3,10
233,244,0,243,244,0,243,244,7,LOYANG EAST,PRSZ07,2150,0,4185.462898,0,4185.462898,970068.0722,Changi,Changi,192,PRSZ07,6,8
234,245,0,244,245,0,244,245,6,DAIRY FARM,BPSZ06,6520,0,4814.195375,0,4814.195375,1235901.752,Choa Chu Kang,Choa Chu Kang,56,BPSZ06,11,7
235,246,0,245,246,0,245,246,5,PASIR RIS DRIVE,PRSZ05,56970,0,5311.060366,0,5311.060366,1639669.017,Changi,Changi,190,PRSZ05,6,8
236,247,0,246,247,6,246,247,1,TAMPINES NORTH,TMSZ01,0,0,7128.355391,499727,7128.355391,2543106.634,Changi,Changi,258,TMSZ01,6,8
237,248,0,247,248,0,247,248,2,CHENG SAN,AMSZ02,28350,0,4218.958062,0,4218.958062,955710.1887,North East,Changi,2,AMSZ02,3,6
238,249,1,248,249,1,248,249,1,ANG MO KIO TOWN CENTRE,AMSZ01,4940,48250.10156,2642.208777,48250.10156,2642.208777,316882.0172,North East,Changi,1,AMSZ01,3,6
239,250,0,249,250,0,249,250,6,KEBUN BAHRU,AMSZ06,22620,0,4288.194231,0,4288.194231,1046417,North East,Changi,6,AMSZ06,3,6
240,251,10,250,251,12,250,251,2,SERANGOON NORTH IND ESTATE,SGSZ02,20,229804,4299.211199,253507,4299.211199,921430.9488,North East,Changi,239,SGSZ02,3,6
241,252,0,251,252,0,251,252,1,TENGAH,THSZ01,10,0,12808.87653,0,12808.87653,7370557.682,Choa Chu Kang,Jurong,257,THSZ01,11,2
242,253,17,252,253,26,252,253,3,SERANGOON NORTH,SGSZ03,16660,324095,3610.732408,427768,3610.732408,684704.3005,North East,Changi,240,SGSZ03,3,6
243,254,1,253,254,2,253,254,3,PASIR RIS CENTRAL,PRSZ03,28670,5487.689941,5273.239002,11763.2998,5273.239002,1511487.384,Changi,Changi,188,PRSZ03,6,8
244,255,0,254,255,0,254,255,1,GOMBAK,BKSZ01,10110,0,7921.557211,0,7921.557211,2459098.265,West Coast,Choa Chu Kang,21,BKSZ01,2,7
245,256,0,255,256,0,255,256,5,PLAB,PLSZ05,0,0,11966.01676,0,11966.01676,7034806.472,East Coast,East Coast,180,PLSZ05,4,3
246,257,0,256,257,0,256,257,1,KRANJI,SKSZ01,20,0,7899.952343,0,7899.952343,3652031.033,Woodlands,Choa Chu Kang,246,SKSZ01,9,7
247,258,0,257,258,0,257,258,4,PASIR RIS PARK,PRSZ04,6680,0,8533.963998,0,8533.963998,1719704.595,Changi,Changi,189,PRSZ04,6,8
248,259,1,258,259,1,258,259,5,CHOA CHU KANG NORTH,CKSZ05,33490,14509.5,4552.314746,14509.5,4552.314746,1088638.014,Choa Chu Kang,Choa Chu Kang,77,CKSZ05,11,7
249,260,0,259,260,0,259,260,2,RIVERVALE,SESZ02,61380,0,6315.954417,0,6315.954417,1569034.784,North East,Punggol,232,SESZ02,3,10
250,261,0,260,261,0,260,261,7,SENGKANG WEST,SESZ07,10,0,5991.020008,0,5991.020008,1670029.856,North East,Punggol,237,SESZ07,3,10
251,262,22,261,262,45,261,262,6,FERNVALE,SESZ06,49770,31264.59961,6491.767944,37091.30078,6491.767944,2391082.765,North East,Punggol,236,SESZ06,3,10
252,263,0,262,263,1,262,263,4,PUNGGOL FIELD,PGSZ04,48440,0,5229.116114,8161.680176,5229.116114,1378710.536,Punggol,Punggol,174,PGSZ04,12,10
253,264,1,263,264,2,263,264,6,YEW TEE,CKSZ06,42280,1626.119995,3715.39423,7252.72998,3715.39423,923214.7487,Choa Chu Kang,Choa Chu Kang,78,CKSZ06,11,7
254,265,0,264,265,0,264,265,1,PASIR RIS WAFER FAB PARK,PRSZ01,30,0,10606.6469,0,10606.6469,5325421.575,Changi,Changi,186,PRSZ01,6,8
255,266,0,265,266,1,265,266,3,MATILDA,PGSZ03,42490,0,5361.915964,7990.149902,5361.915964,1418284.255,Punggol,Punggol,173,PGSZ03,12,10
256,267,0,266,267,2,266,267,5,WATERWAY EAST,PGSZ05,40860,0,5391.065107,13270,5391.065107,1489246.883,Punggol,Punggol,175,PGSZ05,12,10
257,268,1,267,268,1,267,268,3,GALI BATU,SKSZ03,30,11517.2998,9036.682771,11517.2998,9036.682771,5186128.077,Woodlands,Choa Chu Kang,248,SKSZ03,9,7
258,269,1,268,269,2,268,269,3,CHANGI AIRPORT,CHSZ03,0,51909,28163.22827,55312.39844,28163.22827,35096028.59,Changi,Changi,72,CHSZ03,6,8
259,270,0,269,270,0,269,270,11,YIO CHU KANG NORTH,AMSZ11,0,0,6445.242982,0,6445.242982,1463278.179,North East,Changi,11,AMSZ11,3,6
260,271,2,270,271,2,270,271,1,CHANGI POINT,CHSZ01,740,30802.5,4897.482363,30802.5,4897.482363,995944.7654,Changi,Changi,70,CHSZ01,6,8
261,272,0,271,272,3,271,272,3,SENGKANG TOWN CENTRE,SESZ03,60770,0,5216.400502,50584.30078,5216.400502,1455507.859,North East,Punggol,233,SESZ03,3,10
262,273,0,272,273,0,272,273,4,ANCHORVALE,SESZ04,39370,0,5112.461787,0,5112.461787,1499108.626,North East,Punggol,234,SESZ04,3,10
263,275,0,274,275,0,274,275,4,YISHUN SOUTH,YSSZ04,38240,0,5781.588051,0,5781.588051,1340167.988,North,Woodlands,298,YSSZ04,8,5
264,276,0,275,276,0,275,276,5,LOWER SELETAR,YSSZ05,10330,0,15209.76279,0,15209.76279,8453312.38,North,Woodlands,299,YSSZ05,8,5
265,277,2,276,277,2,276,277,1,NORTHSHORE,PGSZ01,290,21883,5355.637118,21883,5355.637118,1360000.631,Punggol,Punggol,171,PGSZ01,12,10
266,278,0,277,278,0,277,278,3,MANDAI ESTATE,MDSZ03,2130,0,1633.708416,0,1633.708416,143137.9411,North,Woodlands,146,MDSZ03,8,5
267,279,2,278,279,5,278,279,1,YISHUN CENTRAL,YSSZ01,1420,10430.7002,2549.643182,15162.90039,2549.643182,436368.5338,North,Woodlands,295,YSSZ01,8,5
268,281,1,280,281,1,280,281,2,TURF CLUB,SKSZ02,680,17793.09961,7665.676019,17793.09961,7665.676019,3291405.506,Woodlands,Choa Chu Kang,247,SKSZ02,9,7
269,282,0,281,282,2,281,282,4,WOODLANDS SOUTH,WDSZ04,38800,0,5211.384435,198464,5211.384435,1576001.476,Woodlands,Woodlands,289,WDSZ04,9,5
270,283,0,282,283,0,282,283,5,WOODGROVE,WDSZ05,35550,0,6284.599725,0,6284.599725,1665469.26,Woodlands,Woodlands,290,WDSZ05,9,5
271,284,0,283,284,1,283,284,3,YISHUN EAST,YSSZ03,57540,0,5945.704099,5282.040039,5945.704099,1767092.896,North,Woodlands,297,YSSZ03,8,5
272,285,1,284,285,17,284,285,1,WESTERN WATER CATCHMENT,WCSZ01,710,31466.40039,44305.66057,554586,44305.66057,69748298.79,Jurong,Choa Chu Kang,285,WCSZ01,7,7
273,287,0,286,287,1,286,287,9,YISHUN WEST,YSSZ09,57470,0,5318.579266,2043.540039,5318.579266,1517767.389,North,Woodlands,303,YSSZ09,8,5
274,288,5,287,288,9,287,288,1,WOODLANDS REGIONAL CENTRE,WDSZ01,10,186360,3254.343275,272013,3254.343275,595652.1439,Woodlands,Woodlands,286,WDSZ01,9,5
275,289,1,288,289,1,288,289,5,RESERVOIR VIEW,SKSZ05,20,2912.840088,10399.42448,2912.840088,10399.42448,3284130.42,Woodlands,Choa Chu Kang,250,SKSZ05,9,7
276,290,4,289,290,5,289,290,3,WOODLANDS EAST,WDSZ03,93370,278477,6603.608301,310807,6603.608301,2553463.724,Woodlands,Woodlands,288,WDSZ03,9,5
277,291,1,290,291,6,290,291,3,SEMBAWANG CENTRAL,SBSZ03,29810,92409.29688,3955.117637,285611,3955.117637,962437.4031,North,Woodlands,225,SBSZ03,8,5
278,292,0,291,292,0,291,292,7,GREENWOOD PARK,WDSZ07,60,0,4620.865567,0,4620.865567,1281296.51,Woodlands,Woodlands,292,WDSZ07,9,5
279,293,0,292,293,0,292,293,1,SEMBAWANG EAST,SBSZ01,1580,0,3494.973413,0,3494.973413,758123.4599,North,Woodlands,223,SBSZ01,8,5
280,294,0,293,294,0,293,294,8,SENOKO WEST,WDSZ08,10,0,3966.740969,0,3966.740969,905921.1179,Woodlands,Woodlands,293,WDSZ08,9,5
281,296,1,295,296,1,295,296,5,ADMIRALTY,SBSZ05,14480,3627.77002,4534.251888,3627.77002,4534.251888,1261648.748,North,Woodlands,227,SBSZ05,8,5
282,297,0,296,297,0,296,297,1,LIM CHU KANG,LKSZ01,110,0,18733.83625,0,18733.83625,17494884.18,Choa Chu Kang,Choa Chu Kang,143,LKSZ01,11,7
283,299,1,298,299,3,298,299,9,SENOKO SOUTH,SBSZ09,20,2595.129883,5262.562765,7846.700195,5262.562765,1741957.363,Woodlands,Woodlands,231,SBSZ09,9,5
284,300,2,299,300,4,299,300,4,SEMBAWANG NORTH,SBSZ04,26970,246300,5519.934845,250541,5519.934845,1394865.684,North,Woodlands,226,SBSZ04,8,5
285,303,0,302,303,0,302,303,2,MANDAI EAST,MDSZ02,0,0,11572.52954,0,11572.52954,7235809.441,North,Woodlands,145,MDSZ02,8,5
286,305,10,304,305,22,304,305,2,NORTHLAND,YSSZ02,29920,518738,5057.119921,699154,5057.119921,1511000.363,North,Woodlands,296,YSSZ02,8,5
287,306,0,305,306,0,305,306,2,MIDVIEW,WDSZ02,36790,0,4159.20144,0,4159.20144,936415.5261,Woodlands,Woodlands,287,WDSZ02,9,5
288,307,0,306,307,0,306,307,6,WOODLANDS WEST,WDSZ06,32150,0,5929.644687,0,5929.644687,1648629.909,Woodlands,Woodlands,291,WDSZ06,9,5
289,308,0,307,308,6,307,308,2,SEMBAWANG SPRINGS,SBSZ02,5100,0,4212.042247,162794,4212.042247,1099394.72,North,Woodlands,224,SBSZ02,8,5
290,309,0,308,309,0,308,309,6,SPRINGLEAF,YSSZ06,4070,0,6912.80078,0,6912.80078,2209210.705,North East,Changi,300,YSSZ06,3,6
291,310,0,309,310,0,309,310,2,PUNGGOL TOWN CENTRE,PGSZ02,14560,0,4896.767508,0,4896.767508,1264384.789,Punggol,Punggol,172,PGSZ02,12,10
292,311,0,310,311,0,310,311,7,NEE SOON,YSSZ07,890,0,7074.070778,0,7074.070778,2206695.555,North,Woodlands,301,YSSZ07,8,5
293,313,0,312,313,0,312,313,1,CENTRAL WATER CATCHMENT,CCSZ01,0,0,30538.24618,0,30538.24618,37147854.46,North East,Changi,69,CCSZ01,3,6
294,314,0,313,314,0,313,314,4,SELETAR,SLSZ04,190,0,8487.274476,0,8487.274476,3916069.337,North,Punggol,252,SLSZ04,8,10
295,315,1,314,315,1,314,315,4,PANG SUA,SKSZ04,20,1861.290039,7561.990107,1861.290039,7561.990107,2175380.058,Woodlands,Choa Chu Kang,249,SKSZ04,9,7
296,316,0,315,316,1,315,316,1,SELETAR AEROSPACE PARK,SLSZ01,20,0,8946.560465,6170.939941,8946.560465,3621841.183,North,Punggol,251,SLSZ01,8,10
297,317,0,316,317,0,316,317,8,KHATIB,YSSZ08,10570,0,4956.145735,0,4956.145735,1432913.062,North,Woodlands,302,YSSZ08,8,5
298,318,0,317,318,0,317,318,1,MANDAI WEST,MDSZ01,0,0,9630.62719,0,9630.62719,4387133.117,North East,Choa Chu Kang,144,MDSZ01,3,7
299,320,6,319,320,7,319,320,9,NORTH COAST,WDSZ09,13440,66135.39844,10847.88198,67609.39844,10847.88198,2450783.607,Woodlands,Woodlands,294,WDSZ09,9,5
300,321,0,320,321,0,320,321,6,SEMBAWANG STRAITS,SBSZ06,1760,0,7217.388372,0,7217.388372,1540733.675,North,Woodlands,228,SBSZ06,8,5
301,322,0,321,322,0,321,322,7,THE WHARVES,SBSZ07,0,0,11828.87772,0,11828.87772,1635808.129,North,Woodlands,229,SBSZ07,8,5
302,323,0,322,323,2,322,323,8,SENOKO NORTH,SBSZ08,20,0,7392.128851,6714.930176,7392.128851,2241386.619,North,Woodlands,230,SBSZ08,8,5
303,13,0,12,13,0,12,13,1,MARINA EAST,MESZ01,0,0,6470.949643,0,6470.949643,1844060.675, , ,0, ,0,0
304,16,0,15,16,0,15,16,1,JURONG ISLAND AND BUKOM,WISZ01,10,0,68083.93647,0,68083.93647,36707720.92, , ,0, ,0,0
305,17,0,16,17,0,16,17,3,SUDONG,WISZ03,0,0,24759.0658,0,24759.0658,4207271.094, , ,0, ,0,0
306,18,0,17,18,0,17,18,2,SEMAKAU,WISZ02,0,0,18703.68114,0,18703.68114,4963787.104, , ,0, ,0,0
307,19,0,18,19,0,18,19,2,SOUTHERN GROUP,SISZ02,0,0,25626.97719,0,25626.97719,2206319.456, , ,0, ,0,0
308,44,0,43,44,0,43,44,5,MARINA EAST (MP),MPSZ05,0,0,6657.151393,0,6657.151393,1590339.796, , ,0, ,0,0
309,50,0,49,50,0,49,50,4,EAST COAST,MPSZ04,0,0,5333.008671,0,5333.008671,591778.9997, , ,0, ,0,0
310,73,15,72,73,17,72,73,4,CAIRNHILL,NTSZ04,3520,326176,3853.900423,370006,3853.900423,452471.8318, , ,0, ,0,0
311,98,3,97,98,3,97,98,7,MOUNT EMILY,RCSZ07,1190,96194.60156,2301.2303,96194.60156,2301.2303,193992.3453, , ,0, ,0,0
312,234,0,233,234,0,233,234,1,CHANGI BAY,CBSZ01,0,0,18731.55997,0,18731.55997,1829821.69, , ,0, ,0,0
313,274,0,273,274,0,273,274,1,LORONG HALUS NORTH,SESZ01,0,0,3930.096752,0,3930.096752,924866.0165, , ,0, ,0,0
314,280,0,279,280,0,279,280,3,PULAU PUNGGOL TIMOR,SLSZ03,0,0,4817.803706,0,4817.803706,1259743.113, , ,0, ,0,0
315,286,0,285,286,0,285,286,2,PULAU PUNGGOL BARAT,SLSZ02,0,0,6251.207796,0,6251.207796,2050051.225, , ,0, ,0,0
316,295,0,294,295,0,294,295,4,PULAU SELETAR,SMSZ04,0,0,5466.048269,0,5466.048269,1611278.675, , ,0, ,0,0
317,298,0,297,298,0,297,298,1,SIMPANG NORTH,SMSZ01,0,0,9071.752449,0,9071.752449,3450455.359, , ,0, ,0,0
318,301,0,300,301,0,300,301,2,TANJONG IRAU,SMSZ02,0,0,4322.195234,0,4322.195234,1074375.121, , ,0, ,0,0
319,302,0,301,302,0,301,302,1,NORTH-EASTERN ISLANDS,NESZ01,50,0,62436.23535,0,62436.23535,67250562.96, , ,0, ,0,0
320,304,0,303,304,0,303,304,3,SIMPANG SOUTH,SMSZ03,0,0,7166.913662,0,7166.913662,2147082.067, , ,0, ,0,0
321,312,0,311,312,1,311,312,6,PUNGGOL CANAL,PGSZ06,0,0,6279.464843,224075,6279.464843,1265919.304, , ,0, ,0,0
322,319,0,318,319,0,318,319,7,CONEY ISLAND,PGSZ07,0,0,5670.137057,0,5670.137057,1200804.563, , ,0, ,0,0
